{"train_loss": [0.0650848692219488, 0.013491164926964106, 0.006639574498244239, 0.004337817784033936, 0.003358554337814539, 0.0009942500724478016], "val_loss": [0.02766113850396637, 0.035878941664122976, 0.039193073530297294, 0.03191576258852197, 0.03862653640036026, 0.03895644042956444], "train_accuracy": [0.9781446628431427, 0.9959630268945933, 0.9977727044935687, 0.9985800991146501, 0.9988306698591236, 0.9996659056740353], "val_accuracy": [0.9914253897550112, 0.989532293986637, 0.9908685968819599, 0.9933184855233853, 0.9926503340757238, 0.9934298440979955], "train_precision": [0.9782061799071317, 0.9959630728676672, 0.9977727528579549, 0.998580101767581, 0.9988306698591236, 0.9996659340595101], "val_precision": [0.9914512034034532, 0.989625351918607, 0.9909440337931252, 0.9933197242317908, 0.9926504642538518, 0.9934298894448413], "train_recall": [0.9781446628431427, 0.9959630268945933, 0.9977727044935687, 0.9985800991146501, 0.9988306698591236, 0.9996659056740353], "val_recall": [0.9914253897550112, 0.989532293986637, 0.9908685968819599, 0.9933184855233853, 0.9926503340757238, 0.9934298440979955], "train_f1": [0.9781494382859321, 0.9959630429176318, 0.9977727162736791, 0.998580093459015, 0.9988306698591236, 0.9996659074410518], "val_f1": [0.9914264690680344, 0.9895346174984334, 0.99087045789829, 0.9933186607838509, 0.9926502018884007, 0.9934297557180197]}